<?xml version="1.0" encoding="UTF-8"?>
<metadata xml:lang="en"><Esri><CreaDate>20180321</CreaDate><CreaTime>04573300</CreaTime><SyncOnce>FALSE</SyncOnce><DataProperties><lineage><Process Name="Create Feature Class" ToolSource="C:\Program Files\ArcGIS\ArcToolbox\Toolboxes\Data Management Tools.tbx\CreateFeatureclass" Date="20060609" Time="152656">CreateFeatureclass F:\Areas\Area_Shapefiles.mdb\YOSE yose_lakes # yose_lakes_Layer SAME_AS_TEMPLATE SAME_AS_TEMPLATE "PROJCS['NAD_1927_UTM_Zone_11N',GEOGCS['GCS_North_American_1927',DATUM['D_North_American_1927',SPHEROID['Clarke_1866',6378206.4,294.9786982]],PRIMEM['Greenwich',0.0],UNIT['Degree',0.0174532925199433]],PROJECTION['Transverse_Mercator'],PARAMETER['False_Easting',500000.0],PARAMETER['False_Northing',0.0],PARAMETER['Central_Meridian',-117.0],PARAMETER['Scale_Factor',0.9996],PARAMETER['Latitude_Of_Origin',0.0],UNIT['Meter',1.0]];138879.265236 4055498.296466 7812.499993;0.000000 100000.000000;0.000000 100000.000000" # 0 0 0 F:\Areas\Area_Shapefiles.mdb\YOSE\yose_lakes</Process><Process Name="Append" ToolSource="C:\Program Files\ArcGIS\ArcToolbox\Toolboxes\Data Management Tools.tbx\Append" Date="20060609" Time="152700">Append yose_lakes_Layer F:\Areas\Area_Shapefiles.mdb\YOSE\yose_lakes TEST F:\Areas\Area_Shapefiles.mdb\YOSE\yose_lakes</Process><Process Name="FeatureClassToFeatureClass_5" ToolSource="C:\Program Files\ArcGIS\ArcToolbox\Toolboxes\Conversion Tools.tbx\FeatureClassToFeatureClass" Date="20060609" Time="152701">FeatureClassToFeatureClass F:\Areas\Yosemite\Coverages\yose_lakes.shp F:\Areas\Area_Shapefiles.mdb\YOSE yose_lakes # "AREA AREA VISIBLE;PERIMETER PERIMETER VISIBLE;LAKEID LAKEID VISIBLE;X X VISIBLE;Y Y VISIBLE;Shape_Leng Shape_Leng VISIBLE;Shape_Area Shape_Area VISIBLE" SAME_AS_TEMPLATE SAME_AS_TEMPLATE # 0 F:\Areas\Area_Shapefiles.mdb\YOSE\yose_lakes</Process><Process ToolSource="C:\Program Files (x86)\ArcGIS\Desktop10.0\ArcToolbox\Toolboxes\Data Management Tools.tbx\CopyFeatures" Date="20160402" Time="111931">CopyFeatures E:\SNARL\GIS\Area_Shapefiles.mdb\YOSE\yose_lakes E:\SNARL\GIS\GIS_NAD83\YoseFeatureDatasetsNAD27\yose_lakes.shp # 0 0 0</Process><Process Name="Project" ToolSource="C:\Program Files (x86)\ArcGIS\Desktop10.0\ArcToolbox\Toolboxes\Data Management Tools.tbx\Project" Date="20160402" Time="112320">Project E:\SNARL\GIS\GIS_NAD83\YoseFeatureDatasetsNAD27\yose_lakes.shp E:\SNARL\GIS\GIS_NAD83\YoseFeatureDatasetsNAD83\yose_lakes.shp PROJCS['NAD_1983_UTM_Zone_11N',GEOGCS['GCS_North_American_1983',DATUM['D_North_American_1983',SPHEROID['GRS_1980',6378137.0,298.257222101]],PRIMEM['Greenwich',0.0],UNIT['Degree',0.0174532925199433]],PROJECTION['Transverse_Mercator'],PARAMETER['false_easting',500000.0],PARAMETER['false_northing',0.0],PARAMETER['central_meridian',-117.0],PARAMETER['scale_factor',0.9996],PARAMETER['latitude_of_origin',0.0],UNIT['Meter',1.0]] NAD_1927_To_NAD_1983_NADCON PROJCS['NAD_1927_UTM_Zone_11N',GEOGCS['GCS_North_American_1927',DATUM['D_North_American_1927',SPHEROID['Clarke_1866',6378206.4,294.9786982]],PRIMEM['Greenwich',0.0],UNIT['Degree',0.0174532925199433]],PROJECTION['Transverse_Mercator'],PARAMETER['False_Easting',500000.0],PARAMETER['False_Northing',0.0],PARAMETER['Central_Meridian',-117.0],PARAMETER['Scale_Factor',0.9996],PARAMETER['Latitude_Of_Origin',0.0],UNIT['Meter',1.0]]</Process><Process ToolSource="C:\Program Files (x86)\ArcGIS\Desktop10.0\ArcToolbox\Toolboxes\Data Management Tools.tbx\CopyFeatures" Date="20160402" Time="112520">CopyFeatures E:\SNARL\GIS\GIS_NAD83\YoseFeatureDatasetsNAD83\yose_lakes.shp E:\SNARL\GIS\GIS_NAD83\AreaShapefiles.mdb\YOSE\yose_lakes # 0 0 0</Process><Process ToolSource="c:\program files\arcgis\desktop10.4\ArcToolbox\Toolboxes\Data Management Tools.tbx\CalculateField" Date="20170309" Time="135645">CalculateField yose_lakes Jurisdiction YOSE VB #</Process><Process ToolSource="c:\program files\arcgis\desktop10.4\ArcToolbox\Toolboxes\Data Management Tools.tbx\CalculateField" Date="20170309" Time="135659">CalculateField yose_lakes Jurisdiction "YOSE" VB #</Process><Process ToolSource="c:\program files (x86)\arcgis\desktop10.4\ArcToolbox\Toolboxes\Data Management Tools.tbx\Merge" Date="20170622" Time="100358">Merge lakes;peeler "C:\Users\Roland\Box Sync\SNARL shared folder\GIS\lakes.shp" "AREA "AREA" true true false 8 Double 0 0 ,First,#,lakes,AREA,-1,-1,peeler,AREA,-1,-1;PERIMETER "PERIMETER" true true false 8 Double 0 0 ,First,#,lakes,PERIMETER,-1,-1,peeler,PERIMETER,-1,-1;LAKEID "LAKEID" true true false 8 Double 0 0 ,First,#,lakes,LAKEID,-1,-1;X "X" true true false 8 Double 0 0 ,First,#,lakes,X,-1,-1;Y "Y" true true false 8 Double 0 0 ,First,#,lakes,Y,-1,-1;Shape_Leng "Shape_Leng" true true false 8 Double 0 0 ,First,#,lakes,Shape_Leng,-1,-1;Shape_Le_1 "Shape_Le_1" true true false 8 Double 0 0 ,First,#,lakes,Shape_Le_1,-1,-1;Shape_Le_2 "Shape_Le_2" true true false 8 Double 0 0 ,First,#,lakes,Shape_Le_2,-1,-1;Jurisdicti "Jurisdicti" true true false 15 Text 0 0 ,First,#,lakes,Jurisdicti,-1,-1;PERIM "PERIM" true true false 8 Double 0 0 ,First,#,lakes,PERIM,-1,-1;X_CENTER "X_CENTER" true true false 8 Double 0 0 ,First,#,lakes,X_CENTER,-1,-1;Y_CENTER "Y_CENTER" true true false 8 Double 0 0 ,First,#,lakes,Y_CENTER,-1,-1;HA "HA" true true false 4 Float 0 0 ,First,#,lakes,HA,-1,-1;ReshapedFa "ReshapedFa" true true false 5 Text 0 0 ,First,#,lakes,ReshapedFa,-1,-1;Shape_Le_3 "Shape_Le_3" false true true 8 Double 0 0 ,First,#,lakes,Shape_Length,-1,-1;Shape_Area "Shape_Area" false true true 8 Double 0 0 ,First,#,lakes,Shape_Area,-1,-1;LAKES_ID "LAKES_ID" true true false 19 Double 0 0 ,First,#,peeler,LAKES_ID,-1,-1;NAME "NAME" true true false 47 Text 0 0 ,First,#,peeler,NAME,-1,-1;WATERTYPE "WATERTYPE" true true false 17 Text 0 0 ,First,#,peeler,WATERTYPE,-1,-1;SURVEY_TYP "SURVEY_TYP" true true false 9 Text 0 0 ,First,#,peeler,SURVEY_TYP,-1,-1;CA_LAKES "CA_LAKES" true true false 19 Double 0 0 ,First,#,peeler,CA_LAKES,-1,-1;HECTARES "HECTARES" true true false 19 Double 0 0 ,First,#,peeler,HECTARES,-1,-1;EAST_UTM "EAST_UTM" true true false 19 Double 0 0 ,First,#,peeler,EAST_UTM,-1,-1;NORTH_UTM "NORTH_UTM" true true false 19 Double 0 0 ,First,#,peeler,NORTH_UTM,-1,-1;UTM_ZONE "UTM_ZONE" true true false 10 Long 0 10 ,First,#,peeler,UTM_ZONE,-1,-1;NOTSAMPLED "NOTSAMPLED" true true false 23 Text 0 0 ,First,#,peeler,NOTSAMPLED,-1,-1;COMMENTS "COMMENTS" true true false 200 Text 0 0 ,First,#,peeler,COMMENTS,-1,-1;SUB_OWNER "SUB_OWNER" true true false 58 Text 0 0 ,First,#,peeler,SUB_OWNER,-1,-1;OWNER "OWNER" true true false 73 Text 0 0 ,First,#,peeler,OWNER,-1,-1;RE_DIGIT "RE_DIGIT" true true false 8 Text 0 0 ,First,#,peeler,RE_DIGIT,-1,-1;PWS_ID "PWS_ID" true true false 10 Long 0 10 ,First,#,peeler,PWS_ID,-1,-1;DFG_MANAGE "DFG_MANAGE" true true false 254 Text 0 0 ,First,#,peeler,DFG_MANAGE,-1,-1;ELEVATION "ELEVATION" true true false 10 Long 0 10 ,First,#,peeler,ELEVATION,-1,-1;UTME_ST "UTME_ST" true true false 254 Text 0 0 ,First,#,peeler,UTME_ST,-1,-1;UTME_END "UTME_END" true true false 254 Text 0 0 ,First,#,peeler,UTME_END,-1,-1;UTMN_ST "UTMN_ST" true true false 254 Text 0 0 ,First,#,peeler,UTMN_ST,-1,-1;UTMN_END "UTMN_END" true true false 254 Text 0 0 ,First,#,peeler,UTMN_END,-1,-1"</Process></lineage><itemProps><itemName Sync="TRUE">lakes</itemName><imsContentType Sync="TRUE">002</imsContentType><itemSize Sync="TRUE">0.000</itemSize><itemLocation><linkage Sync="TRUE">file://\\KNAPPSNARL\C$\Users\Roland\Box Sync\SNARL shared folder\GIS\AreaShapefilesCombined.gdb</linkage><protocol Sync="TRUE">Local Area Network</protocol></itemLocation></itemProps><coordRef><type Sync="TRUE">Projected</type><geogcsn Sync="TRUE">GCS_North_American_1983</geogcsn><projcsn Sync="TRUE">NAD_1983_UTM_Zone_11N</projcsn><peXml Sync="TRUE">&lt;ProjectedCoordinateSystem xsi:type='typens:ProjectedCoordinateSystem' xmlns:xsi='http://www.w3.org/2001/XMLSchema-instance' xmlns:xs='http://www.w3.org/2001/XMLSchema' xmlns:typens='http://www.esri.com/schemas/ArcGIS/10.4'&gt;&lt;WKT&gt;PROJCS[&amp;quot;NAD_1983_UTM_Zone_11N&amp;quot;,GEOGCS[&amp;quot;GCS_North_American_1983&amp;quot;,DATUM[&amp;quot;D_North_American_1983&amp;quot;,SPHEROID[&amp;quot;GRS_1980&amp;quot;,6378137.0,298.257222101]],PRIMEM[&amp;quot;Greenwich&amp;quot;,0.0],UNIT[&amp;quot;Degree&amp;quot;,0.0174532925199433]],PROJECTION[&amp;quot;Transverse_Mercator&amp;quot;],PARAMETER[&amp;quot;False_Easting&amp;quot;,500000.0],PARAMETER[&amp;quot;False_Northing&amp;quot;,0.0],PARAMETER[&amp;quot;Central_Meridian&amp;quot;,-117.0],PARAMETER[&amp;quot;Scale_Factor&amp;quot;,0.9996],PARAMETER[&amp;quot;Latitude_Of_Origin&amp;quot;,0.0],UNIT[&amp;quot;Meter&amp;quot;,1.0],AUTHORITY[&amp;quot;EPSG&amp;quot;,26911]]&lt;/WKT&gt;&lt;XOrigin&gt;-5120900&lt;/XOrigin&gt;&lt;YOrigin&gt;-9998100&lt;/YOrigin&gt;&lt;XYScale&gt;10000&lt;/XYScale&gt;&lt;ZOrigin&gt;-100000&lt;/ZOrigin&gt;&lt;ZScale&gt;10000&lt;/ZScale&gt;&lt;MOrigin&gt;-100000&lt;/MOrigin&gt;&lt;MScale&gt;10000&lt;/MScale&gt;&lt;XYTolerance&gt;0.001&lt;/XYTolerance&gt;&lt;ZTolerance&gt;0.001&lt;/ZTolerance&gt;&lt;MTolerance&gt;0.001&lt;/MTolerance&gt;&lt;HighPrecision&gt;true&lt;/HighPrecision&gt;&lt;WKID&gt;26911&lt;/WKID&gt;&lt;LatestWKID&gt;26911&lt;/LatestWKID&gt;&lt;/ProjectedCoordinateSystem&gt;</peXml><csUnits Sync="TRUE">Linear Unit: Meter (1.000000)</csUnits></coordRef></DataProperties><SyncDate>20170622</SyncDate><SyncTime>10360100</SyncTime><ModDate>20170622</ModDate><ModTime>10360100</ModTime><ArcGISFormat>1.0</ArcGISFormat></Esri><dataIdInfo><envirDesc Sync="TRUE"> Version 6.2 (Build 9200) ; Esri ArcGIS 10.4.0.5524</envirDesc><dataLang><languageCode value="eng" country="USA"></languageCode><countryCode value="USA" Sync="TRUE"></countryCode></dataLang><idCitation><resTitle Sync="TRUE">lakes</resTitle><presForm><PresFormCd value="005"></PresFormCd></presForm></idCitation><descKeys><thesaName uuidref="723f6998-058e-11dc-8314-0800200c9a66"></thesaName><keyword Sync="TRUE">002</keyword></descKeys><spatRpType><SpatRepTypCd value="001"></SpatRepTypCd></spatRpType></dataIdInfo><mdLang><languageCode value="eng"></languageCode><countryCode value="USA" Sync="TRUE"></countryCode></mdLang><distInfo><distFormat><formatName Sync="TRUE">File Geodatabase Feature Class</formatName></distFormat><distTranOps><transSize Sync="TRUE">0.000</transSize></distTranOps></distInfo><mdHrLv><ScopeCd value="005"></ScopeCd></mdHrLv><mdHrLvName Sync="TRUE">dataset</mdHrLvName><refSysInfo><RefSystem><refSysID><identCode code="26911"></identCode><idCodeSpace Sync="TRUE">EPSG</idCodeSpace><idVersion Sync="TRUE">6.13(3.0.1)</idVersion></refSysID></RefSystem></refSysInfo><spdoinfo><ptvctinf><esriterm Name="lakes"><efeatyp Sync="TRUE">Simple</efeatyp><efeageom code="4" Sync="TRUE"></efeageom><esritopo Sync="TRUE">FALSE</esritopo><efeacnt Sync="TRUE">0</efeacnt><spindex Sync="TRUE">TRUE</spindex><linrefer Sync="TRUE">FALSE</linrefer></esriterm></ptvctinf></spdoinfo><spatRepInfo><VectSpatRep><geometObjs Name="lakes"><geoObjTyp><GeoObjTypCd value="002" Sync="TRUE"></GeoObjTypCd></geoObjTyp><geoObjCnt Sync="TRUE">0</geoObjCnt></geometObjs><topLvl><TopoLevCd value="001" Sync="TRUE"></TopoLevCd></topLvl></VectSpatRep></spatRepInfo><eainfo><detailed Name="lakes"><enttyp><enttypl Sync="TRUE">lakes</enttypl><enttypt Sync="TRUE">Feature Class</enttypt><enttypc Sync="TRUE">0</enttypc></enttyp><attr><attrlabl Sync="TRUE">OBJECTID</attrlabl><attalias Sync="TRUE">OBJECTID</attalias><attrtype Sync="TRUE">OID</attrtype><attwidth Sync="TRUE">4</attwidth><atprecis Sync="TRUE">0</atprecis><attscale Sync="TRUE">0</attscale><attrdef Sync="TRUE">Internal feature number.</attrdef><attrdefs Sync="TRUE">Esri</attrdefs><attrdomv><udom Sync="TRUE">Sequential unique whole numbers that are automatically generated.</udom></attrdomv></attr><attr><attrlabl Sync="TRUE">Shape</attrlabl><attalias Sync="TRUE">Shape</attalias><attrtype Sync="TRUE">Geometry</attrtype><attwidth Sync="TRUE">0</attwidth><atprecis Sync="TRUE">0</atprecis><attscale Sync="TRUE">0</attscale><attrdef Sync="TRUE">Feature geometry.</attrdef><attrdefs Sync="TRUE">ESRI</attrdefs><attrdomv><udom Sync="TRUE">Coordinates defining the features.</udom></attrdomv></attr><attr><attrlabl Sync="TRUE">AREA</attrlabl><attalias Sync="TRUE">AREA</attalias><attrtype Sync="TRUE">Double</attrtype><attwidth Sync="TRUE">8</attwidth><atprecis Sync="TRUE">0</atprecis><attscale Sync="TRUE">0</attscale></attr><attr><attrlabl Sync="TRUE">LAKEID</attrlabl><attalias Sync="TRUE">LAKEID</attalias><attrtype Sync="TRUE">Double</attrtype><attwidth Sync="TRUE">8</attwidth><atprecis Sync="TRUE">0</atprecis><attscale Sync="TRUE">0</attscale></attr><attr><attrlabl Sync="TRUE">Shape_Area</attrlabl><attalias Sync="TRUE">Shape_Area</attalias><attrtype Sync="TRUE">Double</attrtype><attwidth Sync="TRUE">8</attwidth><atprecis Sync="TRUE">0</atprecis><attscale Sync="TRUE">0</attscale><attrdef Sync="TRUE">Area of feature in internal units squared.</attrdef><attrdefs Sync="TRUE">ESRI</attrdefs><attrdomv><udom Sync="TRUE">Positive real numbers that are automatically generated.</udom></attrdomv></attr><attr><attrlabl Sync="TRUE">Jurisdicti</attrlabl><attalias Sync="TRUE">Jurisdicti</attalias><attrtype Sync="TRUE">String</attrtype><attwidth Sync="TRUE">15</attwidth><atprecis Sync="TRUE">0</atprecis><attscale Sync="TRUE">0</attscale></attr><attr><attrlabl Sync="TRUE">PERIM</attrlabl><attalias Sync="TRUE">PERIM</attalias><attrtype Sync="TRUE">Double</attrtype><attwidth Sync="TRUE">8</attwidth><atprecis Sync="TRUE">0</atprecis><attscale Sync="TRUE">0</attscale></attr><attr><attrlabl Sync="TRUE">X_CENTER</attrlabl><attalias Sync="TRUE">X_CENTER</attalias><attrtype Sync="TRUE">Double</attrtype><attwidth Sync="TRUE">8</attwidth><atprecis Sync="TRUE">0</atprecis><attscale Sync="TRUE">0</attscale></attr><attr><attrlabl Sync="TRUE">Y_CENTER</attrlabl><attalias Sync="TRUE">Y_CENTER</attalias><attrtype Sync="TRUE">Double</attrtype><attwidth Sync="TRUE">8</attwidth><atprecis Sync="TRUE">0</atprecis><attscale Sync="TRUE">0</attscale></attr><attr><attrlabl Sync="TRUE">Shape_Length</attrlabl><attalias Sync="TRUE">Shape_Length</attalias><attrtype Sync="TRUE">Double</attrtype><attwidth Sync="TRUE">8</attwidth><atprecis Sync="TRUE">0</atprecis><attscale Sync="TRUE">0</attscale><attrdef Sync="TRUE">Length of feature in internal units.</attrdef><attrdefs Sync="TRUE">Esri</attrdefs><attrdomv><udom Sync="TRUE">Positive real numbers that are automatically generated.</udom></attrdomv></attr><attr><attrlabl Sync="TRUE">HA</attrlabl><attalias Sync="TRUE">HA</attalias><attrtype Sync="TRUE">Single</attrtype><attwidth Sync="TRUE">4</attwidth><atprecis Sync="TRUE">0</atprecis><attscale Sync="TRUE">0</attscale></attr></detailed></eainfo><mdDateSt Sync="TRUE">20170622</mdDateSt></metadata>
